Type,Average Depth,Average Magnitude
Explosion,0.0,5.85
Rock Burst,1.0,6.2
Nuclear Explosion,0.3000000006811959,5.850685714285718
Earthquake,71.31391348824346,5.882762568870756
